"Gene.ID","chromosome_name","start_position","end_position","Row.names","baseMean","log2FoldChange","lfcSE","stat","pvalue","padj","Gene.Name"
"ENSG00000124216","chr20",49982979,49988886,"ENSG00000124216",53.8864585141774,-4.1550552802735,0.454767651999766,-9.13665530519229,6.44136901318057e-20,3.26300589804052e-18,"SNAI1"
"ENSG00000154096","chr11",119415476,119424985,"ENSG00000154096",3146.01390083656,12.3719335390022,0.840616806648145,14.7176852058594,4.96361829313855e-49,1.10634539373792e-46,"THY1"
"ENSG00000166049","chrX",151563675,151676739,"ENSG00000166049",251.228544115509,11.075917995185,1.19214485921152,9.29074844353281,1.53207159130579e-20,8.57610303096699e-19,"PASD1"
"ENSG00000198879","chr10",7158624,7411497,"ENSG00000198879",260.22213715198,-11.8075339864908,1.2088618067441,-9.76748038577937,1.55265329709044e-22,1.0344552591865e-20,"SFMBT2"
